{"cameraMode":{"drawMode":0,"name":"Shaded","section":"Shading Mode"},"sceneLighting":true,"audioPlay":false,"sceneViewState":{"m_AlwaysRefresh":false,"showFog":true,"showSkybox":true,"showFlares":true,"showImageEffects":true,"showParticleSystems":true,"showVisualEffectGraphs":true,"m_FxEnabled":true},"in2DMode":false,"pivot":{"x":1.8034961223602296,"y":11.331574440002442,"z":-7.90142822265625},"rotation":{"x":0.5494630336761475,"y":-0.000006508579645014834,"z":3.7415625797621035e-7,"w":0.8355385065078735},"size":3.513054370880127,"orthographic":false}